104,26575,weird music mp3
104,26574,shop wish veganshoes shoes
104,26572,dev websiteoptimization testing tools webdesign
104,3260,ajax javascript dev webdesign
104,26570,dictionary portuguese
104,26569,radio music mp3 streaming
104,26559,music mp3 electronic audio
104,26558,mp3 music electronic herbert
104,26557,blog electronic mp3 music
104,26556,zope podcast mp3
104,10745,programming python framework dev
104,26554,python programming reference tutorial list howto dev
104,26551,free images photography photos gimp copyright webdesign
104,8937,audio free links mp3 music
104,26548,audio mp3 science lectures dev
104,17707,audio blog free mp3 music aggregator
104,26544,windows linux software security opensource freeware encryption password Management
104,26543,search tools tags
104,26542,zope ebook security authenticaton
104,26536,audio blog lectures podcast webdesign standards dev
104,26535,webdesign accessibility blog usability podcast mp3 dev
104,26533,programming software naming style dev
104,26528,mp3 music opensource musicbrainz id3 tagger
104,26527,aggregator audio blog mp3 podcast podcasting
104,25000,freeware audio copyright opensource sound samples creativecommons
104,744,freeware list software windows computer
104,26525,windows tips osperfomance software computer reference
104,11866,windows tools software opensource linux free remote vnc
104,26522,Management software opensource free projectmanagement
104,26521,emulator software opensource windows os
104,26520,opensource software projectmanagement management tools
104,26519,backup free freeware diskutilities partition harddiskrecovery
104,26517,backup freeware software tools windows
104,912,musicrecommendations social mp3 tools music software audio fun
104,26516,linux tools howto backup rsync sysadmin
104,26515,freeware opensource reference software windows linux
104,26514,backup linux opensource python gmail google filesystem email software
104,16078,gmail google windows email storage software tools
104,16151,gmail google howto list reference tips email
104,26510,software freeware windows filemanager renamer images
104,1707,technologynews blog links aggregator articles
104,26507,free games multiplayer online
104,1738,programming reference extremeprogramming methodology projectmanagement dev
104,26505,Zope Europe Association plone python
104,26501,business startup tips entrepreneurship tutorial reference list strategy
104,26500,freeware games windows blog curious
104,21734,linux fonts typography howto opensource
104,26497,typography fonts comics free webdesign
104,26496,images free photos photography reference list links webdesign
104,5067,css javascript webdesign html corners tutorial tips howto dev
104,4776,del.icio.us tools tips bookmarks social
104,26495,linux Hardware Compatibility List wireless
104,26493,driver Hardware linux
104,2479,usability webdesign software tools ui
104,26487,firefox extension html validator mozilla xhtml dev webdesign
104,5046,color webdesign tools graphics dev
104,4940,color webdesign tools dev
104,26485,typography css fonts reference webdesign tutorial
104,26483,css w3c xhtml buttons html images validator webdesign standards dev
104,26482,buttons images w3c css html webdesign
104,26481,free typography fonts webdesign
104,3711,education opencourseware learning free reference tutorial opencourse
104,4109,google tips search howto reference list tutorial
104,26480,future email curious
104,26479,standards icon rss feed dev webdesign
104,26478,opensource audio creative
104,26477,ipod music audio opensource linux
104,26476,construção portuguese ecologico energiarenovavel
104,26473,music webjay playlist podcast audio mp3 podcasting tools
104,26470,ajax javascript programming python Zope
104,26469,python portuguese ebook programming
104,21974,icons free graphics webdesign images
104,26468,video comedy humor streaming news dailyshow jonstewart
104,26467,css webdesign javascript image html howto imagemap
104,26466,free software list
104,26465,favicon html webdesign graphics icon
104,26462,opensource cinema film remix creativecommons
104,26461,architecture PreFab house housing reference construção
104,9138,Search tools
104,2623,webdesign tools testing cross-platform dev usability browsers
104,5237,CSS webdesign blog standards xhtml dev
104,525,statistics browsers dev reference
104,26456,css webdesign standards dev reference usability xhtml
104,26452,recipes Tofu vegetarian
104,26451,zope python reference tutorial faq
104,26449,software freeware windows burning tools free
104,10314,productivity todo tools
104,12781,linux windows Ext2 filesystem software driver Tools partition freeware
104,10529,css webdesign tutorial howto dev corners
104,26443,graphics howto tutorial inkscape
104,26441,png CSS Webdesign ie browsers
104,26440,feed mozilla standards rss dev
104,26438,tools websiteoptimization html webdesign dev
104,26437,music software audio freeware synth windows
104,332,music software free freeware audio list
104,26436,image hosting free images photos tools
104,26434,hosting database mySql free tools dev
104,26433,email css webdesign dev
104,26432,programming children education reference
104,26428,blogging TrackBack dev free tools
104,26427,email mailinglists dev tools
104,8934,DIY howto design tutorial social learning reference weird
104,26424,design DIY housing howto furniture artist
104,19204,typography fonts webdesign css tutorial
104,26420,blogging search tools links websiteoptimization
104,9190,windows software tools freeware productivity macrorecorder opensource
104,26418,freeware opensource software games windows
104,26417,software freeware links websiteoptimization
104,26416,writingfortheweb usability HowTo intranet dev
104,26415,webdesign css howto reference
104,26412,opensource software fun freeware windows linux
104,940,social bookmarks list tools links
104,26410,games fun free freeware
104,26409,games narrative fun free
104,26408,games freeware 3d free fun windows
104,26407,games free
104,26403,linux slackware downloads software
104,26399,children education freeware games software windows linux
104,26397,css webdesign dev imagemap
104,26396,mp3 music remix downloads
104,4632,tools Fun images list photography
104,26393,photography camera diy pinhole fun
104,26391,blog downloads music links list
104,1834,reviews hotel travel
104,26385,food lunch shopping cooking ecologico
104,26380,software exif photography tools images free linux
104,26376,photography aerial kap kites
104,26374,design gimp photography tutorial
104,26367,artist
104,26362,mp3 music wget blog HowTo
104,26358,linux tools HowTo filemanager
104,26348,linux music audio software opensource freeware
104,26347,photography HowTo
104,26344,activism ecology business environment shopping Sustainable
104,26343,environment green howto Sustainable
104,26340,architecture design DIY environment house PreFab shopping
104,26331,ar articles architecture design PreFab
104,26330,linux opensource software
104,2083,bittorrent search
104,3297,web2.0 socialsoftware software ajax tools
104,26325,photography howto photos sell
104,26324,photography pinhole blog diy camera
104,26320,clothes shopping vegetarian
104,26311,burning windows software freeware howto backup dvd
104,620,projectmanagement linux online productivity
104,26302,image movie music fun
104,26300,ajax design learning HowTo javascript html list tutorial standards webdesign xhtml RSS CSS dev
104,26298,HowTo tutorial design photography
104,26294,opensource software writing tools freeware
104,26293,comics reviews online
104,26290,photography pinhole reference
104,26288,photography camera software
104,26286,shop gadgets wish
104,281,backup computer opensource music linux mp3 Hardware HowTo shopping
104,26284,photography shopping film shop
104,26283,camera faq photography reference
104,26282,diy film photography pinhole
104,26280,Pinhole DIY Camera Photography
104,3366,design graphics images
104,26271,email security fun
104,26270,articles blog entrepreneurship web2.0
104,26262,reference diy
104,26261,HowTo camera photography pinhole tutorial polaroid
104,26256,clothes green shop
104,26255,activism clothes ecology environment green
104,26254,hemp clothes shop
104,26250,clothes green environment shop shopping Sustainable
104,26248,linux opensource software slackware video vj movie
104,26246,audio blog mp3 music
104,26245,architecture photography wikipedia art
155,33924,
155,33923,
155,33917,
155,33916,
155,31691,
155,2537,
155,33913,japon geeks
155,33911,agentes moviles web semantica
155,33909,jstl el
155,33908,jstl
155,33905,jstl
155,33904,css
155,33902,ajax
155,33901,ajax
155,33900,
155,33899,ajax
155,33898,ajax xml
155,33896,ajax librerias
155,33895,DOM
155,7724,ajax google
155,33890,dao spring
155,33888,java libros
155,33887,flex
155,15642,ajax training
155,33885,java analisis
155,33882,table filtrable sortable
155,33877,W3C web
155,33876,flex started
155,1513,imagenes gratis stock
155,5064,iconos web
155,33873,api blogger gestionatuboda
155,33872,ajax script
155,33871,log4j
155,33867,meus css
155,33861,chat web servicio
155,33859,webmaster tool google
155,33855,dom w3c
189,38920,games
189,38912,webdesign agency flash retro
189,38910,navigation
189,38908,flash immersif
189,38906,humour
189,38901,flash technologie
189,38900,flashdev
189,1954,video
189,38892,photographie
189,38890,blog video
189,2537,moteur-de-recherche blog
189,38886,navigation photographe
189,38884,technologie
189,38878,art postcards
189,38876,UZIK
189,38874,UZIK
189,38873,UZIK
189,38871,navigation
189,38869,formation
189,38864,flashdev tween
189,38863,flashdev tween
189,38862,flashdev japan flowers
189,38861,flashdev code
189,38860,flashdev
189,38859,flashdev tween
189,38858,flashdev tween
189,38857,e-marketing
189,38856,e-marketing
189,38851,flashdev
189,24319,games
189,38846,BD web2.0
189,38845,VOD
189,38836,moteur-de-recherche
189,38833,moteur-de-recherche
189,38831,webdesign
189,38827,web2.0 blog
189,38822,webdesign pixelart
189,38821,3Diso simulation
189,38820,games
189,38819,3Diso METRO
189,38817,flashnav
189,38813,pixelart METRO
189,38810,graphisme
189,38806,games
189,10888,web2.0 AJAX
189,30470,RSS
189,38799,games
189,38798,graphisme
189,38785,agences
189,38784,web2.0
189,38780,humour
189,38779,adwords
189,38778,adwords
189,38777,flashdev
189,38774,humour
189,38770,graphisme
189,11200,blog
189,38767,humour blog
189,38765,graphisme
189,38763,blog e-marketing
189,38762,webdesign
189,38761,webdesign
189,38760,lcs
189,38759,lcs
189,38757,blog
189,38756,référencement
189,38755,référencement
189,5998,référencement
189,38753,webdesign
189,38752,architecture+de+l'information
189,38751,architecture+de+l'information
189,38747,moteur-de-recherche
189,38743,moteur-de-recherche
189,38740,flash-seo
189,38739,flash-seo
189,38738,flash-seo
189,38737,flash-seo
189,38735,architecture+de+l'information
189,38732,outils
189,38730,webdesign tourisme
189,38724,flashdev
189,38723,flashdev
189,38722,flashdev
189,38721,référencement
189,38718,référencement
189,38715,rugby
189,9759,art
189,38703,e-card
189,38699,e-marketing humour
189,38696,agency
189,38686,webdesign conception
189,38685,conception
189,38684,webdesign
189,38683,humour e-card
189,38682,humour e-card
189,38680,webdesign
189,38677,webdesign
189,38676,webdesign
189,38673,webdesign
189,38672,webdesign
189,38671,technologie
189,38670,webdesign
189,38669,agences webdesign
189,38666,webdesign
189,38665,webdesign
189,38662,référencement
189,38654,webdesign
189,1431,graphisme
189,38647,webdesign
189,38644,web2.0
189,11795,outils
189,38641,outils
189,4919,webdesign
189,38638,webdesign
189,38636,webdesign 3D
189,38635,webdesign event
189,9949,webdesign event
189,38631,webdesign event
189,38629,webdesign event
189,572,flashdev
189,38624,webdesign
189,38622,photographie
189,38619,webdesign
189,3835,webdesign
189,38617,poésie
189,38615,e-marketing
189,21462,webdesign typo
189,23598,web2.0
189,38611,humour
189,5227,web2.0
189,38609,webdesign
189,23651,web2.0
189,38607,seo
189,7938,seo
189,38604,web2.0 film
189,38599,blog flashdev
189,38596,webdesign
189,38595,awards
189,38594,awards webdesign
189,38592,webdesign
189,38591,graphisme
189,38590,webdesign photographe
189,35480,web2.0 podcast
189,38586,webdesign animation
189,38584,funky
189,38581,web2.0
189,38580,seo outils
189,4959,graphisme textures
189,21604,webdesign
189,38570,awards
189,2682,awards
189,38569,awards
189,38568,awards
189,38567,awards
189,38566,flashnav photographe
189,38564,festival
189,23292,awards
189,38561,web2.0 video
189,38556,3D mk2
189,21529,webdesign agency
189,38551,typo webdesign
189,38547,graphisme
189,38545,webdesign
189,38543,webdesign article
189,38542,blog
189,30406,humour
189,38539,logo
189,4209,logo
189,38537,games
189,38536,illustration
189,38533,graphisme
189,38532,blog graphisme
189,38530,avatar
189,38529,webdesign menu
189,23022,navigation
189,38525,couleur outils
189,38523,graphisme webdesign green
189,38521,format video
189,9502,outils
189,38520,flashdev
189,38510,animation
189,38509,flashnav
189,38508,référencement
189,8702,outils
189,38500,humour
189,38498,e-commerce webdesign
189,38491,outils
189,38490,flashdev optimisation
189,5210,e-commerce
189,3924,graphisme
189,17381,Web2.0 webdesign
189,38489,outils dictionnaire
189,38484,flashdev advanced
189,5784,musicfan
189,21645,agency
189,38479,event
189,38477,webdesign portfolio
189,38473,webdesign
189,38472,outils
189,366,mk2
189,38465,mk2
189,38464,event
189,38463,event
189,38462,humour
189,38458,outils
189,21365,design
189,21397,outils
189,38455,webagency
189,38454,navigation
189,38444,e-commerce
189,38441,webtv
189,38438,blog
189,30859,mk2
189,38435,agency
189,38429,mk2
189,38427,sounddesign
189,38426,mk2
189,20403,webagency
189,38425,flashdev
189,38424,webdesign interactivit
189,38423,webagency
189,38422,webdesign
189,38416,webdesign
189,38414,webagency
189,38413,webagency
189,38406,design
189,38404,design
189,38402,portfolio
189,38398,game
189,38397,webdesign interactivit
189,38396,webdesign
189,20192,webdesign portfolio
189,38388,portfolio
189,38384,agences
189,38382,catalogue
189,38378,blog
189,38376,e-poetry
189,38374,widgets
189,38369,e-poetry
189,38356,mode
189,30006,webdesign logo
189,38345,cms
189,38337,googlemaps
189,38333,color graphisme
189,38331,outils
189,38330,outils
189,38327,photographe
225,5136,media
225,28231,cashflow
225,27118,media
225,40835,media
225,819,media
225,40834,history
225,40833,adcash
225,40832,media
225,40831,history
225,40829,cashflow
225,17429,design
225,10602,design
225,40827,music
225,4171,world news
225,16844,
225,2537,
225,17423,
225,37516,
225,10007,tech toys
225,3106,
225,40826,
225,40824,
237,29865,NEWS
237,42395,NEWS
237,1216,NEWS
237,30203,GAMES
237,918,ANIMALS
237,42393,HISTORY EGYPT
237,42392,EGYPT
237,42391,EGYPT HISTORY
237,42328,EXHIBITION EGYPT HISTORY
237,42327,EGYPT HISTORY
237,42326,ANCIENT_ROME HISTORY
237,42325,HISTORY ART MIDDLE_AGES
237,42323,HISTORY PYRAMIDS PHARAOHS ANCIENT_EGYPT
237,42321,HISTORY ANCIENT_EGYPT
237,42320,HISTORY ANCIENT_EGYPT PYRAMIDS PHARAOHS
237,42319,HISTORY EGYPT ROME GREECE PHAROAHS PYRAMIDS
237,42318,ANCIENT_EGYPT HISTORY
237,42389,ANCIENT_EGYPT HISTORY
237,42313,EGYPT_GAMES
237,42316,EGYPT_GAMES
237,42387,
237,30175,NEWS
237,42384,TUTORIALS
245,30203,GAMES
245,42475,GAMES
245,42473,PHOTOS
245,42472,SEARCH
245,3591,SEARCH
245,42322,EGYPT
245,42328,EGYPT
245,42327,EGYPT HISTORY MUMMIES
245,42326,EGYPT HISTORY ANCIENT_CHINA GREECE AFRICA ROME ISLAM GERMANY MIDDLE_AGES
245,42325,ART MUSEUM
245,42319,EGYPT GREECE ROME HISTORY
245,42323,EGYPT PYRAMIDS
245,42321,EGYPT
245,42320,GAMES EGYPT HISTORY
245,42318,EGYPT GAMES HISTORY
245,42392,EGYPT HISTORY
245,42389,EGYPT HISTORY GAMES
245,42391,EGYPT GAMES HISTORY
245,42469,APPLE
245,42313,EGYPT GAMES HISTORY
245,42316,EGYPT GAMES
245,42387,TYPING
245,42467,TYPING
245,42466,TYPING
245,42465,TYPING
245,35312,BIBLIOGRAPHY
245,42384,TUTORIALS
299,52231,
299,52230,
299,52229,
299,52226,
299,52223,
299,52222,
299,52218,
299,178,
299,52215,
299,52211,
299,52207,
299,52205,
299,52204,
299,52203,
299,4137,
299,52202,
299,52201,
299,52200,
299,52199,
299,52198,
299,52197,
299,52196,
299,43372,science
299,52194,
299,52193,
299,52192,
299,52191,
299,52190,
299,52189,
299,52188,
299,52187,
299,52186,
299,52184,
299,52182,
299,52181,
299,52180,
299,45751,
299,52179,
299,135,
299,32099,
299,29836,
299,9154,
299,52177,
299,52176,
299,52175,
299,32160,
299,11074,
299,52172,
299,32106,
299,52170,religion
299,52169,
299,42921,music mp3 radio
299,4193,tutorials
299,673,linux
299,2377,freeware windows
299,52168,
299,12317,
299,45658,
299,52167,
299,52166,
299,8719,
299,52165,
299,52164,
299,48721,wallpapers desktop art
299,24357,
299,32013,
299,52163,
299,18886,
299,52162,
299,332,music computer freeware
299,15198,
299,52161,
299,28171,
299,52159,physics
299,52158,religion evolution
299,31817,statistics
299,52156,
299,52155,photos
299,52154,music
299,52153,firefox
299,52152,
299,52151,
299,52150,
299,2221,
299,31625,
299,52149,religion
299,15755,
299,52147,art wallpapers politics
299,52146,osx
299,36690,tutorials 3d
299,52144,evolution mp3
299,52143,
299,52142,
299,43357,movies
299,654,computer tutorials windows
299,52139,windows tutorials
299,52138,computer tutorials windows
299,25482,icons webdesign freeware art
299,52137,
299,23615,
299,52136,religion atheism science
299,52134,3d physics math
299,52133,computer
299,52132,atheism religion
299,31388,tutorials computer linux osx
299,52129,politics statistics
299,52128,movies
299,1706,tutorials programming
299,5961,computer windows
299,52127,
299,52126,atheism evolution
299,52125,math science statistics
299,52122,money
299,52120,art wallpapers
299,23449,music
299,52119,tutorials
299,52118,religion science
299,23409,
299,12492,programming tutorials
299,15670,
299,23379,tutorials
299,49900,linux
299,52114,osx
299,52113,religion atheism
299,52112,religion atheism
299,47473,windows freeware
299,52111,cooking science pizza
299,52110,science sexuality health
299,48725,money finance financial economics
299,21859,cooking recipes curry food recipe
299,52107,sexuality
299,52106,movies list
299,52105,computer tutorials windows tweaks xp
299,52104,music list
299,52102,
299,52100,linux tutorials network
299,52099,computer tweaks windows network
299,52097,music
299,52096,science fitness
299,52095,art
299,52094,linux
299,16134,weird
299,34582,art
299,52090,funny
299,52089,games
299,11062,fitness health exercise
299,1760,linux network
299,52078,psychology recipes jobs health
299,52077,games list
299,52075,psychology
299,52074,science Psychology brain
299,15388,psychology brain jobs
299,52073,webdesign
299,52071,computer list osx network linux
299,52070,list psychology
299,52067,brain exercise health list psychology science
342,1709,apple mac favs
342,16262,news technology favs
342,59083,mac blogs
342,40167,ubuntu linux blogs
342,746,news technology blogs favs
342,4171,news technology favs
342,819,news
342,21832,music news favs
342,21836,deals
342,39790,deals
342,40655,apple news blogs favs
342,2909,apple news
342,48781,apple news
342,17235,technology news favs
342,48724,apple news blogs
342,813,news technology favs
342,43475,news
342,39683,mac deals
342,10007,deals
342,26598,mac software
342,59082,linux news technology
342,59079,linux helpFiles unix
342,59078,blogs linux
342,59077,linux blogs
342,59076,ubuntu linux art wallpaper
342,59075,software mac
342,59074,ubuntu forums support
342,345,blogs productivity favs
342,1237,blogs news favs
342,32130,blog news productivity
342,59072,blog
342,59071,blog apple
342,59070,music
342,59069,maps google
397,4146,TORENT
397,80596,soft
397,80593,ASPIRIN
397,80586,TORENT
397,80584,avto
397,80583,avto
397,80570,aspirin
397,11686,??????? ?????????
397,80567,avi
397,80560,games?
397,80552,soft
397,80536,????
397,80532,post to del.icio.us
397,80520,???????
397,51302,??????
397,80507,avto
397,80505,????????
486,98266,game fun
486,4039,azureus torrent tool download
486,98264,ajax gwt google tutorial java
486,23706,ajax javascript dhtml tool
486,98262,javascript tutorial prototype ajax
486,16923,fun game sudoku
486,98258,uml platform codegeneration
486,16229,shop hardware
486,98253,article ibm java ajax
486,98252,java education training
486,98251,java generics article
486,4146,torrent download search
486,98250,gadget future technology
486,2443,download search torrent
486,98249,java maven continuum build
486,98247,apache mod
486,98246,java jee tutorial
486,98245,java article
486,98243,java taglib coldtags
486,2081,download search torrent
486,98241,apache article mod tutorial
486,35965,article dhtml prototype tutorial
486,23436,article css
486,57585,css
486,8452,ajax zk framework
486,98239,java article ruleEngines
486,98237,java article ruleEngines
486,16995,fun sudoku
486,98234,ajax slideshow javascript dhtml
486,27689,article wordpress
486,81196,firefox extension
486,98232,software email sharing p2p
486,34428,linux shell
486,45194,linux wget
486,98231,download torrent howto
486,15595,wordpress plugins
486,58825,download torrent software
486,98225,article jee hibernate tomcat
486,1283,encryption software opensource security
486,98222,vista Windows crack activation
486,12636,firebug tutorial article
486,98221,Drools ruleEngines tutorial howto
486,98218,games
486,98214,css opensource templates
486,98213,iphone apple
486,98211,gmail tweaks
486,8728,google tips tricks
503,100892,Bookmark Software
503,1278,Language Programming Web Interactive Flash
503,100880,Common Lisp Programming Language
503,100876,Lisp Newlisp Code Snippets Programming Language
503,70324,Scheme Programming Language
503,9272,Scheme Programming Language
503,100873,Gui Library Lisp Article
503,100872,Lisp Programming Language Article
503,100865,iTunes decryption songs
503,100864,broadband speed tools bandwidth
503,10007,Shopping products bargains closeouts
503,68972,Christianity christian sermons Religion
503,18460,project management software
503,100856,Greenblatt finance stocks investing
503,100855,Code Programming Rebol
503,100846,advertising marketing ads adware banner
503,69732,Games flight Simulator
503,100829,Presentations powerpoint
503,100825,celiac gluten-free gluten
503,100821,FTP Chat room rebol
503,100815,bootcamp partition osx mac
503,100804,Gluten Gluten-Free
503,53902,Labels envelopes business cards software
503,100798,Media Center Mac Mini Gadget
503,100796,MX lookup network diagnostics
503,100794,Stock analyzer osx mac ticker investment software
503,100793,Stock Market Software OSX Mac
503,100792,Stock Market Software OSX Mac Chart
503,100788,Jabber Benchmark
503,100787,XMPP Examples Jabber
503,100786,Jabber Example XMPP
503,81852,Jabber XMPP
534,66260,make blog technology
534,111337,AJAX javascript web development
534,819,geek news technology
534,111661,blog food usa
534,111660,blog photography
534,111659,humor craigslist
534,111658,diy crafts make
534,111657,fun silly
534,71256,development javascript programming java
534,178,utilities tools
534,23787,webdesign dhtml
534,111654,ajax tutorial dhtml webdesign
534,111653,networking howto business
534,38767,blog geek
534,2322,java programming yahoo api webservices
534,111650,charity business microfinance microcredit
534,111649,blog make
534,111648,shell unix programming
534,746,blog geek howto lifehacks
534,111647,geek adventure game
534,28879,uk trains timetable
534,111644,howto mindmap tools
534,48965,blog geek dilbert
534,16232,howto xp hack
534,107241,music mp3 free howto
534,8586,math reference education
534,111642,photo free utilities
534,40156,windows tweak services hack
534,31793,programming humor howto geek
534,9146,google tools
534,57019,trade export China
534,50081,finance tips money
534,111636,holiday auction
534,111635,journal science
534,111634,china manufacturing business
534,111633,crochet hat pattern
534,33710,java quake game
534,111632,online game
534,43628,subversion windows
534,557,subversion programming source control
534,76575,subversion version control
534,2186,subversion management development
534,111631,ebay blog
534,12903,password reference
534,111629,passwords security
534,111628,disk freeware usage
534,111627,blog odd stuff
534,11200,blog photography art
534,24047,PHP programming tutorial
534,15723,programming reference
534,1513,photo free stock
534,111623,development howto programming reference
534,111622,web comic
534,15680,howto web
534,111619,abandonware
534,40593,reference book programming
617,133474,CoolSites
617,625,CSS
617,30015,resources
617,133469,"Podcast, educational"
617,133468,css
617,133467,FLASh php
617,45017,css transparency
617,133464,css layout
617,23021,coolsites css
617,53781,firefox mac
617,133446,ipod ipodrepair
617,133445,ipod ipodrepair
617,133444,travel coolsites
617,133443,travel coolsites
617,133441,webcams internetvideo
617,133440,webcams internetvideo
617,133438,homerecordingstudio music
617,115231,mac freeware
617,133429,design
617,133428,design
617,133426,guitar chords
617,133425,css
617,133424,webcams
617,133423,ajax
617,125484,css
617,133421,coolsites
617,12365,ajax
617,133420,javascript tutorial
617,97334,ajax calendars
617,1819,css coolsites
617,20119,graphicdesign
617,133419,speedtest
617,29951,javascript optimization dojo
617,68108,hosting
617,32480,hosting
617,133418,mavwacc
617,133414,rss tutorial
617,35201,css